filler,total_volume,last_trade_date
772JJ15pJV64Uit5BmV4CoJtMQHx9KRdHhizP7mAgjRQ,1.961901609161336e+09,2025-02-22 03:17:57.000 UTC
C13FZykQfLXKuMAMh2iuG7JxhQqd8otujNRAgVETU6id,1.2659506644653363e+09,2025-02-22 03:27:22.000 UTC
E6vCUxgcNfRLSu1wPHwqiN419LB22GAujb97tZDa91mh,1.0144744041734e+09,2025-02-22 03:34:01.000 UTC
4MyscRXFvZpq569ubcbLsEN9fnf1wvUN2Y2K5ZC7qyWS,6.20048041389251e+08,2025-02-22 03:21:33.000 UTC
7oBgn8ppcSV5K644K7Ee42uw6Sc4p4RAgwfT7GLVjhW8,5.055563187582959e+08,2025-02-22 03:29:14.000 UTC
EjsrAPWU4D9ftwyX9ErEptxBbqt8YaihnWqYp4RM65mz,5.0065533864978284e+08,2025-02-22 03:34:53.000 UTC
6McRjTd6iKrUSvzQewoMhrnEkcgZfrZPsXcTexihb9p6,3.229675054672078e+08,2025-02-22 03:31:51.000 UTC
HbCfJA7mdqZRXSXHMQpVsztBgfKygFFeQqeazJKmUME8,2.8596745454372305e+08,2025-02-22 03:22:55.000 UTC
CkGBSzcyVY85JPxs8KaPyBguWRihakKy4vEC9Rynmtic,2.6839704485984415e+08,2025-02-20 22:45:04.000 UTC
H5jfagEnMVNH3PMc2TU2F7tNuXE6b4zCwoL5ip1b4ZHi,2.2264233972614396e+08,2025-02-22 03:21:58.000 UTC
7tA8fYQGs5c1Jza9E2xqhLNCFDeJPoq5sxC6AiWoCM9Z,1.3424974034971005e+08,2025-02-22 03:13:24.000 UTC
<nil>,1.1141468872934103e+08,2025-02-22 01:37:45.000 UTC
Q7X3uhmgWgYJZaYeg6RJWJSQDnc6cmVjjonZEq21T3a,1.0052112979919294e+08,2025-02-22 03:28:45.000 UTC
EFPXvSt1PyfPeP5WpNhfinzPcisZiAxrqkJTWEtkS2JY,9.044816808861604e+07,2025-02-20 22:44:52.000 UTC
2nAQCkwtj2C2gfUNfu8cYaX36Pm6QgsHkjorx7co99Bz,8.506995247578302e+07,2025-02-22 03:35:00.000 UTC
Ao7x556FtmxLVmQTgY112qm6A8Fc9dyMMcstxyQvS7M2,7.384040732320897e+07,2025-02-20 22:44:52.000 UTC
FTdpYVrfmexfTanuGnKQKuSuJ76RoYPDwR3QijtJwNQu,7.319081240959406e+07,2025-02-22 03:29:28.000 UTC
5Rj8rxfWnTq1UYer9FHtLeyKrQirWHoD9U7cUBXDX2hW,5.3036613694143996e+07,2025-02-21 23:51:32.000 UTC
6BNXUfsrmu5aFddZkJ6Q3ZaXDcf2jtkv4rkwKPAf2Lqv,4.668533875312802e+07,2025-02-21 19:47:44.000 UTC
5KPkwB2tqRV7849397JAVWwXrnJUmqmQvfaX3T8a5K9y,3.913028300187897e+07,2025-02-22 03:00:58.000 UTC
53Lrpro5QWzh9iPNvSNMUQkvt9bSn6NLXLt3WTW1yrxo,3.730504497674302e+07,2025-02-22 02:46:03.000 UTC
Fte9W5ZAkngDJXWunCYsxsvpuU3FcUSH3hGhRsnoJh3w,3.7096880559059e+07,2025-01-22 09:40:41.000 UTC
7K8co9itAZDhCB4WKCDoN9GtCumspAJW9Q9Nw2Hd35FC,3.5000504305042e+07,2025-02-22 03:15:34.000 UTC
72MvKUrAxWPdihobhsUcScXLKv8bjPjtaGxEzrCUzEdy,3.3043550683097e+07,2025-02-22 00:34:46.000 UTC
ABf1ik4jkUeVR6w86Snc8Fwpy4AMSffRWfXETAZwYYSo,3.005480503308998e+07,2025-02-22 01:05:56.000 UTC
AE7xUuUsxs1i9BXqoaKZfVuMJG6JbVFewzZa88uJzmRF,2.9915678761667017e+07,2025-02-22 03:24:15.000 UTC
4VX8wbctrdkh51X6iyuaJTdVoLSmya14iiGioTx2ZArC,2.7854863561542995e+07,2025-02-22 03:05:46.000 UTC
2AsbzFqyFCqX8TQscS7dm9egexETmWW1rmB1hokALvZc,2.5242412894578993e+07,2025-02-22 00:46:39.000 UTC
ENCKpsYkok7KfBnDHaG1auE348XXLEe3GCDzJ2bCG4NM,2.475554545936999e+07,2025-02-22 03:34:51.000 UTC
Fswr7pUAzCbxKHnnMySiYsJ7qLNdQ8ykuig54xqmLXHA,2.3991918579250008e+07,2025-02-22 03:14:52.000 UTC
Ai9PpRX4q3Bj1pXgWKm5BWw5HafhTRyujusxWKP7psBd,2.1187004700204004e+07,2025-02-22 03:16:40.000 UTC
2aMcirYcF9W8aTFem6qe8QtvfQ22SLY6KUe6yUQbqfHk,2.0757913056246e+07,2025-01-15 20:10:48.000 UTC
DLJo1uDPPAaoY4JgXRGePLNCX6E28nQbXkbCFf7fTLED,1.8194339120646004e+07,2025-01-21 04:46:42.000 UTC
DAAzFssAixSQfywpRMwt8GfUrGp3bwQ7GWb6tamF1UGv,1.8065422598340996e+07,2025-02-22 02:03:26.000 UTC
9GctR7hR9sJF6vnqva7LXE8ubUUmcTj35XBDvjuLi5TC,1.5350645341527e+07,2025-02-22 00:54:50.000 UTC
7dMSqwuRZhsoLeRwdjNdxeFu9JeGJzhaV84DCeMMF93c,1.4038843138879986e+07,2025-02-22 03:30:27.000 UTC
9wPRaRmydqZQPaWxtoEwe3nsBE8u8jaWW3iNtGSPVHjD,1.2741264801600004e+07,2025-02-22 00:15:00.000 UTC
5b2BGYKskMcX8dEHNdaQuNMHYEF5wCy6cP5ND2aaf44J,1.1099892548116993e+07,2025-02-22 01:45:08.000 UTC
BLzLcew4sBZ4NKkLpEqj49g5j6H88AjjyjEZ7tJ6JVoN,1.0859989141928002e+07,2025-02-21 20:04:38.000 UTC
EaiG4AtxQ7H2Bk8Eih168xJCuCu87tpBZYgb7Vebe8AM,1.0573353792053008e+07,2025-02-22 02:04:20.000 UTC
6BGtdW8BCcPpwqhRom5oY2xv29WWiB6wpee4GXwLSasB,1.0454706850587e+07,2025-02-22 03:29:58.000 UTC
h5q9e3aTiD6QLJzaVCdbwV6nTLsrrCjpW1Vf3yT9KHo,9.192144878958004e+06,2025-02-22 02:37:19.000 UTC
68UtG9XdH4go4NvcSj9Pd5fZeVD5su9CUQKNy6vySfbz,8.716289395049e+06,2025-02-22 01:38:08.000 UTC
HPVVmzTKkwMWbpNyT9PQoeowBEWaXca2g9NYUawYuBQ6,8.1295617587509975e+06,2025-02-22 02:59:38.000 UTC
4SRzHK9nUsqv2V1DtVJRY3S4eiydMda9MstVbdzQRULt,6.927804659911005e+06,2025-02-21 21:10:09.000 UTC
AQge6hinmJmfy2WSrobWfZ97zNfzhQKwttgtxkuB1bFo,6.593149851811e+06,2025-02-22 01:46:15.000 UTC
4y89nCQCUewvVsdKv2o71Ri3frGUUJsjBdPxtJzY5FuE,6.271360088053004e+06,2025-02-22 02:51:23.000 UTC
B4XPRYfUU7pvTEfDa9vRH6vEDbBXmzJMKvnL6X3m591,6.136031123158997e+06,2025-01-20 03:19:42.000 UTC
Gi5soUyrYvMcf6cZrEjF3PWmL67bGFx5sGFUkjYbiKGX,5.756992363328001e+06,2025-02-22 01:37:48.000 UTC
9c7LEsqvB2cA4554uXoWQL3sBPPBfcFZMMxzmXnxLs5w,5.086381825371999e+06,2025-02-21 20:52:38.000 UTC
EqdmAtwJjYdiFYMjxS1hk2TEGKPr9Eh2ebzoQjKw6ZHM,4.500791253272002e+06,2025-02-10 13:32:28.000 UTC
EJsocoaG7jUStdHCCiADqDHNVPXMZHdMFMrKjUjGdS2P,4.458782697516e+06,2025-01-31 12:57:25.000 UTC
DA8Ns5ew3AiM28tqWE8x9YbLtHb1QtJv6LDjnHRoarVn,4.203524768494e+06,2025-02-21 22:06:07.000 UTC
CMiyE7M98DSPBEhQGTA6CzNodWkNuuW4y9HoocfK75nG,3.9864385369759994e+06,2025-02-22 01:04:25.000 UTC
9hR41AyjQPq2JbgxwqPqQJuk2LPd5q5ttAxnRBfLzj53,3.585858618238e+06,2025-02-19 03:09:32.000 UTC
7FkFZz1mxwvZN9rJMzfAitGW3ZrEritLxqEkmPaxaTr8,3.528963056651999e+06,2025-02-17 16:51:19.000 UTC
9a7iDHihFnHHpDE43Ls5z1Eh4i5hfCmncyiXPjJgQJ34,3.1576224690200007e+06,2025-02-11 17:27:37.000 UTC
GnZEPhR8H6mcT28XkaT9FxgRhUcHYduJkvaD6qFytrp6,2.9625578222109997e+06,2025-01-22 07:04:33.000 UTC
2oDyzGFUzLmKTAcu3ua1gHeVk3enLNMrYST3nojhf5qp,2.761232226027999e+06,2025-02-21 19:27:06.000 UTC
8uZ92cGz39yZYR7EoqDbk29R6vEJp1Pre88QdHG5gBhJ,2.7043118124829987e+06,2025-02-21 19:31:35.000 UTC
2XnEYxNovTmYDXkDb7zninKttt3j9i67sj96H7CV5wZw,2.7009864537480003e+06,2025-02-21 10:09:07.000 UTC
ARLwHJ3CYLkVTeW3nHvPBmGQ7SLQdhZbAkWHzYrq57rt,2.6708231668809997e+06,2025-02-20 03:51:38.000 UTC
Hcs63usAc6cxWccycrVwx1mrNgNSpUZaUgFm7Lw9tSkR,2.622016977733999e+06,2025-02-21 09:56:32.000 UTC
2wvp7HugpccawPcuJ4rTtPg56vDAbotAJkm5EdVsq5jW,2.5745601666860003e+06,2025-02-21 22:01:12.000 UTC
A4dtgsjWe5R78GUbQxdwWgfNYX4D5yyoDwuW7QJ8HkUR,2.5036641455660006e+06,2025-02-01 01:16:48.000 UTC
9Zmn9v5A2YWUQj47bkEmcnc37ZsYe83rsRK8VV2j1UqX,2.491920848581001e+06,2025-02-20 05:55:20.000 UTC
4KvPuh1wG8j1pLnZUC5CuqTm2a41PWNtik1NwpLoRquE,2.438862549001e+06,2025-02-21 23:52:13.000 UTC
4QjGxizwuSeLxa6ssPmzxGossA8YYU7cRhoquXDPwhtD,2.118620253718001e+06,2025-02-22 03:14:37.000 UTC
D7WQu1PFxGukWPrV25L3qa8Xv6sQWV21qzVHHwStenNW,2.0945805075130004e+06,2025-02-22 00:55:02.000 UTC
J8n7VoZAJFXxG5xTTxTqsQpYpmvPdPjar9DaZJSrmPCc,2.0487524143449997e+06,2025-02-22 02:11:23.000 UTC
CZjLPsVBMFDfstqxzAfLCCLHsXTcnmVsTee6QQyseip4,1.975587082843001e+06,2025-02-11 21:01:37.000 UTC
3VtoXM66CK7pcxuLpC2CQkNYqkqKuGsw2hoqytp9BoV2,1.8450557928799998e+06,2025-02-22 01:37:47.000 UTC
FyH3qGRQSG7AmdEsPEVDxdJJLnLhAn3CZ48acQU34LFr,1.7163752293319993e+06,2025-02-21 13:57:46.000 UTC
FbjtPf9SGeCQp8ok66Vw8A9Pe128HBJNLQZPqZuYD3g,1.601246333627e+06,2025-02-22 02:40:37.000 UTC
84KSz3DBxrT1m3vR3MezygRztkzPCF3jYuWS1V26NbSn,1.5953821131929995e+06,2025-02-22 03:28:43.000 UTC
9U4XmuWhVmmjHuNTG4S4ELrvVxfHfcph11fKwkoiQ17i,1.5769494852570002e+06,2025-01-18 03:38:11.000 UTC
MzEPFp2LwCSMMPHLQsqfE7SN6xkPHZ8Uym2HfrH7g5P,1.5639679305000002e+06,2025-02-22 02:25:23.000 UTC
F1X4HsMnDp1L9CUBA6bRwAGUFrKHJMk1chzYBLks4nwE,1.483541271329e+06,2025-02-21 13:02:19.000 UTC
7ET5e3hrmr9iiGd1cypSd9cuUX8A2FjqSWNAv1fvKEoX,1.4508414952930005e+06,2025-02-22 03:34:36.000 UTC
G4g3tdPNMnf1qMXvBvbmPHW3wMj4YEn5R59h95p7QdsR,1.32332504708e+06,2025-02-22 02:25:12.000 UTC
2qYp5F9tu6ELXLbiwLm8pfs9u8abCSBd9h2Tcb8Zn3KR,1.2912639717320001e+06,2025-01-28 19:27:24.000 UTC
GK3Jo3xBLqyYFENpHD3JjvqqKmHcHRdU9do7BXZKYwDq,1.2595681599410004e+06,2025-02-21 22:44:02.000 UTC
3AETXtC3rT8EGLXwcigFU1QDND5CbB24BuQt4GWf3Unw,1.118790227056e+06,2025-01-10 16:37:02.000 UTC
34FbJBk7nJ8uBK8Vzy9xtdLrhZmEtupxXRugKpK4jmao,1.0906841713150002e+06,2025-02-12 21:31:15.000 UTC
J3UQCv4E394nn8XmLH7A6MynEfhc9yU2Eya3mMBqSVi8,1.0684263490020002e+06,2025-02-22 00:26:21.000 UTC
Fwfu73gfD5KzqtSAVKqmW414rshmYpoHY4nJ8LWqPyHB,1.0088610222169998e+06,2025-02-21 13:19:23.000 UTC
HTT6FiW5TcTqTkXYubpqoUAbrwA5btJGm8WBi9cWVBEz,984840.8103839997,2025-01-31 19:06:23.000 UTC
Dy4Sd5TjNgkD9vdEHb1uCfMNuVnpxPgMGxeLzmGK9j6x,908841.6382440001,2025-02-22 02:20:18.000 UTC
8U8WyNtGpznjuJMLdVEuYKq3G6VejvKYAZizoYEuu2GM,889776.7986489998,2025-02-21 17:04:30.000 UTC
3CTgSqfQPWsFCjQmJx45JgVWgqEWau5ec55tsQDxW8gM,848303.9416180002,2025-02-21 10:08:23.000 UTC
9pTNeLg3zgYjE6fKeaDqfFAm2UpZ7tSZHHjJJw1Zmnaw,834472.981784,2025-02-21 19:47:03.000 UTC
bxPKvMJ2oWYLMeBXbm6c2C5mbfxnya1SxyaFitUcQFF,814496.0359759997,2025-01-25 06:18:24.000 UTC
7gnC9MqVnxXPWPFYfB4vCKy3t91UbDVLZAXCfRGpwsZL,793017.9362969999,2025-02-15 03:36:20.000 UTC
AvEYADXYKCbn7z81F2GxFijNpBSEAvu84Jv2pHaDLZaM,743290.4038720002,2025-02-21 10:50:49.000 UTC
3BWfL6sGXMhLZaSbj5D7DYy2tFrjxV7gBdyrnVbcKnEi,720949.292119,2025-02-19 16:46:27.000 UTC
4syGe3Mu1osZorc4QAz4UgkJXdK1H4omAgKC6DL5EaGn,700749.3449799997,2025-02-21 18:37:08.000 UTC
3X4HBz8e1smS6gdCfAvWRosykX3cJFz1AH3qq9kdYxMM,670722.6329999999,2025-01-22 20:32:32.000 UTC
DmMfUa17Taz8MzC6ao4LXbsK6AFVvGwmAMe6V4LvEZFL,650204.95594,2025-01-29 23:31:04.000 UTC
7hT3GiwPeH3xLoH8iqMaQgALpWHy8usnDKPRcJ52Lm7D,650171.3538129998,2025-02-21 19:26:38.000 UTC
EqVWHKBTuuHyubuqxeyoQg5eCg1u2aooLiCsB6kWbXsT,619794.5503400001,2025-02-21 16:02:14.000 UTC
2veJTtKRTAhQAxdQW4Bcw8LcJDLtBaC9EoWiNAj8wtvG,616524.19249,2025-02-22 00:32:45.000 UTC
GNaLUjCr898hibDod8F5FH1WegYi5JbjqM6ZzBc7hYbc,611956.4571000001,2025-02-19 18:33:21.000 UTC
363zcEm331Cu1GwgU7H2UPV4SyF332zDqUSBn3iiTiTk,593191.3686590003,2025-02-21 21:28:22.000 UTC
GH39EoBpfQLYGhUvGfF9GSMwwhNPFVjoiZusTFR2eFYq,592463.0061910001,2025-02-19 00:02:44.000 UTC
2pWZEd7mGPPpGfjG7c8sBJmiZxjuu6M3xE6U9xwEhMbp,585108.105,2025-01-17 17:08:25.000 UTC
CDg8tCCU3aYBW12UckMpvjsPJxPMjmqRfZJNN5UkZweo,581235.1580499999,2025-02-21 10:54:41.000 UTC
BYeFMs5tGdXuEGiRXaxmkkjhwJeezr25JHQsZzo1hnfq,558323.0524899999,2025-02-21 16:15:53.000 UTC
CU8r2UiT3s1nHVEuZMbK5W8LgUAA6SQfTmTDFCRvXPRe,552216.187457,2025-02-19 16:52:33.000 UTC
DoqFaro2iiCc661XQbmStQUDfKXrycbuQfax2Vfi7MNk,543698.622651,2025-02-19 23:05:13.000 UTC
DKeKkEhMySWYjdvyfmkf6tz7NtBPZF8S765jPGFJZXU5,541661.7956409999,2025-02-19 05:02:39.000 UTC
7m5N8g9rYKFSeTPmcBn1PcCsh1qGP2Zz47y8urrgsZLt,528445.5273089999,2025-02-18 22:10:25.000 UTC
EuuWqmJE42hjakCYYqhY6g9kpQ5zgMKtmG4bESEEBd1s,517323.0359259999,2025-02-21 16:23:57.000 UTC
E1vyk21abZ97rktZkrNoTbcCqkD3ZaasZvG26DbMMKGs,513440.426665,2025-01-09 12:53:50.000 UTC
7tXNyYZ2UWEkser81apCKamHVqRRwouRtPrWjwAGNSkz,496872.10158199974,2025-02-21 15:31:22.000 UTC
EMAQH7zuYHNxKrw9BSeHg1VX6rarL8optdi3qEfMzUbo,482155.87874,2025-02-17 16:00:13.000 UTC
EEBjRSo6kNeQXpRYmxuuBcBNB4MqxmRsQaarNUJTHBL5,480843.48221800005,2025-02-17 21:06:49.000 UTC
F5nqR9ZZy1USCkKPJELv2f5KajZmcu9JeLRaAv3WKziN,474558.50293299987,2025-01-31 19:06:25.000 UTC
ATkQjHY4yLLdNTx7rEKU43rtz2z3r495NvBewuz8Goqj,453030.1386830001,2025-02-21 02:14:00.000 UTC
2RvsRpCK4ZqeNrzTfeTcVRQRGeem5HH2PJt4VgUag15j,449123.94517000014,2025-02-21 18:04:05.000 UTC
7tgxxBphG5Nza9xN5jyUjkKWBtxxvYX2Rz7GK8uuKqNq,425328.46408700006,2025-02-22 02:54:04.000 UTC
F6HdhLwXjnH1QBPtWGRqtwkDMdbYPME6VfALvfY63hFL,422457.182751,2025-02-20 02:56:26.000 UTC
E26KQcz6VRDoAbENADE9oNoq3QsN6cyksfqe2vqwCnsA,420843.435658,2025-02-20 04:40:33.000 UTC
C7BGWk62GwBXP89HMLWhbCkceSLXfDyx3xDTzLmDWYhB,419718.10342199996,2025-02-15 08:01:22.000 UTC
7TwUwo8jbdZpNnye9wTkvaDv33TmEj3BQJCeXJC4myEd,408864.236829,2025-02-22 02:09:17.000 UTC
FYNfKYSJED6ntp5NgFmSbHyuD7i7NvN1BjM84ceuuGGk,408089.831338,2025-02-21 16:24:22.000 UTC
4S8VpdMEyq87haoMrjQu1r24u7iBoKbwLksvbwUrub87,390776.90638600005,2025-01-28 08:24:25.000 UTC
3N3nzNq2jxTvAZRCu9yhv8VQwj4xgVoRrpkwjFztCeMF,384037.4302429999,2025-02-22 01:46:25.000 UTC
B36YJ6KgxBBmeni4tSuaV2CkmFQiBJ4tCky29pLNoBLf,383707.55554800003,2025-01-27 06:43:57.000 UTC
Dmj84znK6LeZ2mzHGAY5PvAzou8ckN52YCg3Ky1oUWWN,368386.42278999987,2025-02-21 19:47:48.000 UTC
ANJSgvGbuGaMF3nyFNTxt66skMhhSeLWnXKaBWC9ymkY,359670.943276,2025-02-17 22:11:34.000 UTC
3mUVgK8etYa6TAM2ZjjE1L2woJYTYGgcicD4ZRbX469e,358371.31082,2025-02-20 20:30:32.000 UTC
6Cyh8pyBPDTxwvf5rNUwy2K49A6Db4LEHqNXSz7xpJeP,357485.24875499995,2025-02-18 17:00:37.000 UTC
2xUwpyKMVvsFG4oaGB5bVeq2GcApAH8MccPkwk5NEynk,356705.13347999996,2025-02-21 16:15:24.000 UTC
7wYg3JjUjpEdZQXiKpxLxGA3HfdEcBphjgMsnfCJo4XN,339884.71960100014,2025-01-15 23:52:07.000 UTC
HFLTLguV3wZfzCZQqhi3NCNVtRoqA4AjNyPmV5oHBGo6,337087.547703,2025-02-20 20:20:23.000 UTC
9ZFERG1FGS1ZnF1piudThLHZpbkM3ZU5zFVy5KQeSq4k,331835.5073260001,2025-02-21 20:15:44.000 UTC
Dyrn5CA4XNNrPc46twZh3AACdU6bLtttftB3hpzY1FWb,310076.97176700004,2025-02-21 17:43:56.000 UTC
G5b85F3QwTwcULu7ZoHxQoaEbqXkc1yfWkhZm7gfywot,301168.92713400006,2025-02-18 05:03:15.000 UTC
5pLp5kAxVnQ1KXx4pNaPwnonjyAa4knH7itiNzkRihAy,296996.423451,2025-02-11 18:30:32.000 UTC
FMKpwTPT6geFswZLSig8x4oEcRf9VSxM2g9DgsF3XVER,294355.84128700005,2025-02-21 09:29:17.000 UTC
6X58MxdFEYSScAsK4H9tgnUQRU2iiG2aiMstg3XaSskD,292200,2025-01-02 20:19:11.000 UTC
Hv5i4WFRSkuAZvyM9GJxnEtnXUvzbgUn9vwJK1hLcBJ9,282688.473414,2025-02-21 15:14:03.000 UTC
DsDrtcaYkCiFaYTDdQ5sYAiexnN7gkg2iDSvmupYgQUe,276289.261066,2025-02-21 12:27:57.000 UTC
8ue2xNfN5fXVvkFjDiWdmWERPbHEvkWgdq4bZD7FdrwF,274188.47216799995,2025-02-20 03:10:18.000 UTC
C9cFtgnhSumdwWLXqM6hgHNKQEEyzxkLCbYm3UV8qk9,271472.713685,2025-02-20 18:21:33.000 UTC
uWAq9wDdrYjPJFJBN7eqWniUcDzZ32J7cTsu6SywyKK,269187.069863,2025-01-22 17:18:12.000 UTC
HKX4tJZJQCHMh4yPzJfSg6GqdsrBDbYmDibBcHfJsvV3,267350.04115599993,2025-02-08 00:04:50.000 UTC
97JeDw7EM8D7kmzmsH33qSj2MRoHZnndWJrRuqpm6vAz,262951.13997699996,2025-02-20 03:10:18.000 UTC
2YTpEG4oinGSjncFymTrv2ZCt4fGfedAwVK2xK67SyfB,260525.33286800003,2025-02-18 07:30:28.000 UTC
5dskXzsfFVcWty4G7EucuEhgzB8o1GYa7cACdb4PuTdS,258653.116881,2025-01-03 14:41:28.000 UTC
F8AqjSieBiF8HtyREo4H2Yk7L9zUdMnNWQvTUtZGE2n3,254633.16479199997,2025-01-18 16:04:54.000 UTC
2aEv71F1MtvQg17Yn71QhFTPuhyHK1Ahj4nnkqXNWoQ1,246842.642936,2024-12-31 18:27:27.000 UTC
49JvSPQthDWxnKvbjxFZzpGbsFCrjPpziQiVi5tbf3eY,245857.20388299998,2025-02-20 14:30:21.000 UTC
S4KCQuEVukc1dLJccJRLPyyTmmcD64iu7K3zBnuXkhB,244382.35129700002,2025-02-22 01:46:09.000 UTC
4bYZVH9DkP7xKn6ssZwbRKxxNLxBxwAf9PfAErkTud4g,244263.23674099997,2025-01-30 05:26:06.000 UTC
67ju6peoMXMKChtuksbsDnadRCAqBDkoCzJ6pbnZoWdY,243707.01165399989,2025-02-21 21:43:05.000 UTC
EEfKnzmDm9EpN7zmozkJr86uzNNVZq1v9n56HeCsNWJg,242414.57151999997,2025-01-18 04:16:56.000 UTC
2TmaYG9n3r1nBAsd5gPpDSJ1shRgqyZMPKEo2Chcbyxf,238534.49498800002,2025-02-02 03:15:43.000 UTC
D6aarStTUBRrFpjxuTK7YRbxiFNEdEbHgF7PTB2KNWTU,234985.518259,2025-02-18 06:42:02.000 UTC
AHWgdUFuDzHRnFYhNNiHcb72nCnqGd52rdz5BgdMhHoP,228488.41367099996,2025-02-21 13:24:05.000 UTC
53NDtLKaJkAAVCAzqMvqVtztZbMdFDpzqptUdRXPXnXy,226309.51871700003,2025-02-09 15:07:36.000 UTC
BvLWKi4g6ffYdQtX6eHfLUej2oHUEfBCfhXSZ8xbtriv,223936.42519899996,2025-02-15 22:19:19.000 UTC
SgAJYE9dwCW4KpLFXfHCKjxmLvkJo918e2dukssmnhF,221370.48798799998,2025-02-18 13:36:07.000 UTC
FJkw6Y7xH4Xg8FG61jrLWBWnfaD3g3tQRpPNBniUA6oQ,221186.62577600003,2025-01-31 15:27:21.000 UTC
5xEc7eVpjTTA1twpLZGc2qG2boV7XZdgKV4EhTd2ttHA,214632.80412,2025-01-31 17:14:13.000 UTC
3p61S3jj9K44UP33jG2cwWDv4nDXz5KMyEuhaTknw1cL,214205.545781,2025-02-21 16:27:52.000 UTC
E3WCHL2GoSYi3VcFahiG1h9BhNWhMHT4HAbZ589nnxR3,213474.77175700004,2025-02-20 21:00:26.000 UTC
6WoaPjGBYkWKZf7x6NkDMaebmSMdBaWBUzhJTzA2UNPR,209771.21235,2025-02-07 15:53:30.000 UTC
CVNuPRUtACYYTRTY771PDizyMd59PiqMrQEaDvoBswSd,208757.014063,2025-02-03 22:01:44.000 UTC
vw2hBDvwJpSyyzcEraxAzBF3gP5BVdKx6TydqAoJCeb,206890.287594,2025-02-21 11:08:15.000 UTC
4yE9T7YvDhtXHKNGm8iLBjQvsGNndeKnYxpUNbfrRw8b,206457.46862,2025-01-24 06:00:30.000 UTC
6Cv2w7bZLC1ZWCX5Rz4bq9dLguaGXeTtU89Jj3Ghu71p,206229.185693,2025-01-31 22:20:27.000 UTC
2b92Zt4HSGHMTDKmob67c4A7UdeTmeFbWvt7ENDAgJ5K,201866.19250000006,2025-02-11 05:27:00.000 UTC
2JEC5adUthcP6x2rPDc7q3BKRNMHuUsgGGQVLFX29hsi,199327.41317800005,2025-01-27 07:29:55.000 UTC
9z3xdQY4ecwv2yhGTQdgMzS9L9ThyN2EtrzZRcnzzfVR,198711.83731099992,2025-02-22 01:38:52.000 UTC
J56Epce71zP9MmVeQSR9Gyd3H2FijgzhhzKsLD7mcatn,194763.79831300006,2025-02-22 00:01:36.000 UTC
Cr1nxhPRhDkdS7cQV72tXC69PSSsxVMT3Rz9wbdZooNV,193278.346364,2025-02-21 12:38:35.000 UTC
4PmXCWpCW7qALBQVeW1CTpzbnoX8cUnBBH5xTcDeBNpV,190686.299878,2025-02-20 16:01:12.000 UTC
8U39vmu5xWuV1ttMLx5ZSQY7PYRLkmG2impc1SrZa2TL,189280.937353,2025-02-07 15:12:49.000 UTC
9nFz8LKwnETa1SdCY6SAR1WNdz2GDanWUuqrwDvAQs3t,188997.1913,2025-01-09 02:09:19.000 UTC
8DqEihUzCZVcrN9eouatXLSZMLZ65xyJHQsfyhraGTVJ,188880.55711799997,2025-02-03 04:12:39.000 UTC
BUoeX4kpRZyoaEg6GPbMAJDyFSVTx3JsqVuTWTpYJVv1,187346.730776,2025-01-08 17:21:05.000 UTC
Gs59RAjN5f5QqvzqgEk3JAsCyTqcg8SxZcBLXny9SU1x,186635.925035,2025-02-21 19:14:17.000 UTC
12pYH8VRsBHevmUyLN6QGCPejQiKMx5Dw6Qxhwtj9Fx3,186635.48394599996,2025-02-21 16:28:26.000 UTC
GjHVAh6YxnjC81Wouafku4eWKAsvUcVwFEcRzTyDvBw5,186068.60132500003,2025-01-29 05:57:19.000 UTC
85KtMxxV3N1LrSYSewqmXTCP7WWc6sbbsxjkVKU6FV5,184634.73382999998,2025-01-13 10:58:43.000 UTC
3BvWqPfZw2KcZ2WhszyzywkUfZYyrP1vQiJAeRHVyKM5,178934.321435,2025-02-03 02:55:09.000 UTC
GGZV9LMUrq894u8WF1BhjWEaG3UKUCL6KvUwoctdwe8q,176620.43588799998,2025-02-21 19:32:39.000 UTC
8gyX2yvLYLshYULDrvc8DTHjifbcBbeZ1RLyw8q5sw1t,174906.70415699997,2025-02-21 10:08:51.000 UTC
BzvYrTto9eqSDjFfwcCnAJtoswvDJzpC1T9d3T6ucewP,172664.08423400007,2025-02-19 04:43:34.000 UTC
8rodW5sAp4qkR2LubSS3BTKanGGoTzL8WPdrXiLCGcMr,171954.72916400002,2025-02-11 02:08:36.000 UTC
E73KoLgMAwTn5fxWfLgvhZUGEor3LMig3MAvrUq4WyWD,169882.99809199997,2025-02-08 05:57:00.000 UTC
9T5XRsE7kj2ttQq92CW6yc4hjcE5pzdeYvVzJgRn89JW,168149.41947000005,2025-02-03 01:38:32.000 UTC
8nZp353xcmPNag5xc9zmPkSdvX19YxQdEP51Versswce,162623.990032,2025-02-07 19:33:57.000 UTC
9ERVKr5aNkaijjSPQYjchEF1uub2mU8ErfUQqvH3buT6,162008.52046399997,2025-02-21 09:53:49.000 UTC
CoRewamwjUNiQKwFfe3BNRuq9kQ7zkLg1Qmx5haALfHV,159504.18284,2025-01-23 20:51:59.000 UTC
DTYJDs7nAb3usqQWKAzMawMM4SJHXhh1BSCCPpPVjrB7,156696.88308800006,2025-02-21 03:46:57.000 UTC
7JMLgzPHokrGYbgF3EwwfK86vsYcHttcVTQsEBYPezVt,153430.00864300004,2025-01-29 23:31:27.000 UTC
5nDFjUip3QdzywH8ARhZHamEefZiW7FFDbWN1gCFDCUV,153152.691629,2025-02-17 06:08:52.000 UTC
9TMwbs87uh1VzX6shVAzqxV6GTKVSdhDQUpQu7Jsho7F,153031.988733,2025-02-21 17:50:13.000 UTC
8Nn2K8KcnuDVQZb4ee6hFN8ANniX2EhPyFihwDYX7beg,149698.632788,2025-01-08 20:20:43.000 UTC
AcAX3h8fqmczxEoDdhYKBq3NoXp3dZVUb4y1tq3ST2LW,147001.57154499998,2025-01-18 06:39:46.000 UTC
9XzpHaehkfYpjyF9nYNFJ294aJLciChCy7xmjAtNU4Am,145744.99720400007,2025-02-21 10:28:27.000 UTC
Hh44WHwLkbhnVkKdXHZ9FSUrdg4Dn38b2GCuKfbTwRru,145171.801275,2025-01-23 15:40:04.000 UTC
4dEy8oimGnWWRVJ4uGFmTGJ3mkL5RFrbv13wJAheKhD7,145115.68587000002,2025-02-21 20:08:48.000 UTC
8UnogEBabfjgSeMspPuGMFtpMCeKiJ9SVYYYGsBzce73,145084.59926500003,2025-01-26 12:34:49.000 UTC
AAjKwKmqB4jQjfdDtASWiVEXcHDtEP6DwXohg9HFmNbh,144172.738494,2025-02-18 06:47:49.000 UTC
BX64jxJVNPaXwjb89zADBuaMdPohmFfZUSwmtHuMC3hZ,143744.711345,2025-02-21 20:10:36.000 UTC
CmLmdKg7JneeFgkn81CuXVRm3EcoYCWfe9jvm4MS7K5H,143147.362231,2025-02-21 21:08:37.000 UTC
FrFwr9dk67u8rv53WDCgSN58SySuBAyuUXFmds9WbKss,142973.08665800001,2025-02-20 15:08:31.000 UTC
7SeykJkVT24ZkuNwyYNACWj5JaLdNRjxVeBD5LAJbMmB,142816.81162499997,2025-01-18 23:39:52.000 UTC
DfAFv6n4Qv66tPrz8tFzh44qdMShDXcQHzymvrFxYepQ,142688.86145199998,2025-02-17 20:19:57.000 UTC
GpRoUgfTDHvdRPtzaasCRpxQXQYsgSVTDXYGUn3rimRm,141338.67322600004,2025-02-17 01:57:09.000 UTC
4n5EQ4bNTxStNPZbXmSxppgu6KZdns14R2ttDPMjWj4E,139551.90829,2025-01-20 06:54:19.000 UTC
9P9jKLWdagezzw534NkxLi3zSjwsPyqrxvLnNq22rvSg,138954.15103399998,2025-01-20 11:52:06.000 UTC
FDB9N7AoW3NLXWnuzByF6ehPs2fYzdpVutmjxLgiPc8t,136989.53912099998,2025-02-21 16:24:58.000 UTC
3XRHDzij94smRRi83S1hgamk6ukzJQMauiXCkPB9FXUG,136061.134886,2025-02-14 15:26:11.000 UTC
Gw6hSTWdTjYQdj7dV6bzftCUxdNHE9TYdgZPxh7U7UHh,135647.02124200002,2025-01-15 14:16:20.000 UTC
BBbP9aduqUuifB67QSMW5VeUoQPm7VXwgj53TGAiQzWL,134387.737317,2025-02-21 23:27:00.000 UTC
FdwbSE2codBevyucyiK8dNuaJ1UDi5qNYj6TJ4iawfkJ,133127.2473949999,2025-02-10 00:17:43.000 UTC
CAj7biphdqLejiXnrkWKd5QXFw2ktFAwiR6ra7CbBAs3,132341.127706,2025-02-19 05:54:53.000 UTC
L5mficSSkoJYcK9YX19icWHBhTtenQQYsTRbXx4rZuh,132298.38246300002,2025-02-21 09:27:41.000 UTC
DsnuaZ8XLH2hSzmtXr4T3WmzQSdbbAxavjB4neZz3V2y,131879.317906,2025-02-21 09:19:20.000 UTC
nFcqQUdGHniZreeV29cJrT7SU959uyWrwrZyg9eoSAC,129786.57041400002,2025-02-21 14:50:43.000 UTC
HMhiJqXP9jgTRrB9seox9cmFyFGkx2jBQ8fYtqXnk867,128724.97948499992,2025-02-18 09:25:38.000 UTC
FwArhkn7apHart7p2T44Ed6xMTnTGHsJw13yFnyxGAA5,128468.01569699998,2025-02-20 17:53:09.000 UTC
AD5xQZMAeLpdeVh9oLP5AwR5vAFjLv2bcH6NyHbfbxfB,128438.18924400001,2025-02-20 08:25:29.000 UTC
GXHbUWAZt2PDS3sZDLASxSjhk8rcn4NDejojwwMbjPMr,128265.68093,2025-01-19 21:33:34.000 UTC
HJvTw8Y1pPBuQxam2ssxmepxn57m9GFhsfpiYoEK8egn,128237.725058,2025-02-21 21:55:16.000 UTC
43oyisHuqJGeBc4czGL88LFoq1wXHhR3xVsL3ZUCyNZL,126958.57289400001,2025-02-21 17:44:33.000 UTC
C2xny9qkMG6cWcoyQSqLb3JKY5Yv2hvnEpKbbaQ6ttpM,126153.14488900002,2025-02-12 17:04:55.000 UTC
HzzuLHcKukerW8ZJPtMbk4g1NAPZj9VkXiT5Un6eCCJh,125748.07080600002,2025-01-26 23:12:05.000 UTC
8SyrqQf9GiXwYXDCSK9y5ShtZX6XeLyj8VzDikbDGvMS,125268.83265499999,2025-02-22 02:36:04.000 UTC
CnaXXuzc2S5UFSGoBRuKVNnzXBvxbaMwq6hZu5m91CAV,124995.33074399998,2025-02-10 09:04:10.000 UTC
3iUzHWZfNwDKq6a2khjH3RKbUTBGQWT14eTFSyZrw8YH,123298.88979,2025-01-31 13:38:09.000 UTC
51Fuy5YHogrWk5NJFFT6jn2SE3rZbf1Yzni46fmwhN1n,121419.78142,2025-01-17 15:10:02.000 UTC
K5wJZjTWEEtf3xx2E2Pm6r1rjAf51nTH8pq7CfW9Ttv,120439.09844999999,2025-01-13 21:07:49.000 UTC
yTdFaGJ1mzKeRGCYz6Z5cnyTybnk39kTAfnYZC5pZbZ,119759.228378,2025-02-21 12:23:41.000 UTC
B7vh9g3AU9ZPFJaQzAdG7jvdKW8jmnEppd6EiWGtseag,118810.10343,2025-02-08 20:56:48.000 UTC
JCoxhwoaJo42CTHyB72cEcK91qTS2WwzMpttnMRTd1vL,117965.97795099998,2025-02-19 15:36:00.000 UTC
AmntUQBwUYZJxymyN3B4NQp7KJ1MYu2TBWzMUjFRRGuT,116156.599177,2025-02-21 22:29:37.000 UTC
3Z5b1hTVdXcEjzzJn6ut4dwd5RMEtvuhazAVxBpTJpi8,116139.82318000002,2025-02-21 20:01:44.000 UTC
FQL6cfotYXq2VY38Z21YCGSpV3KvG4VN9t4nzx7whjod,115689.642024,2025-02-17 06:55:27.000 UTC
9J63nWvQSqgrbtYvFEjbrsCyLs91Tcwnk4WMstemjHNJ,115454.050938,2025-02-11 15:21:42.000 UTC
A3rDZLFCNHRx4ARXwXqMuCDv6mmtvbueEym51hHTXgng,114952.387372,2025-02-02 03:20:19.000 UTC
94ctzASv9EHwVYaF24QyKgQ7hXEg4wh7aXkkYTGKbemB,114569.64875200001,2025-02-19 02:49:29.000 UTC
GwEgNHPWZY6uaNRVJRH2SW29XxsWCHBBBKN9W2x1dThZ,112606.49980300001,2025-02-20 03:10:18.000 UTC
A16B2MEsb1ZTkJCwbU5zh1mcf3JtxxjergE6TubtNzY5,112588.037892,2025-02-18 11:40:19.000 UTC
HXEMBWNZUDxEgc9jpEgJ82cbimdFLnD7XxABJyAwJcmz,112372.08284700001,2025-02-22 02:41:59.000 UTC
7DN53X1xQJVQjmfTnMGyRx359ihhDjWkeCXcc7Yh1PEM,111913.74584999999,2025-02-20 21:16:33.000 UTC
81SeUWiX4YKFexbTf9Nb64EiyyhphoW3UHdEoACZFfWL,108757.757429,2025-02-17 06:04:55.000 UTC
5PbhspYR9XCH94aLeTeZPcxXY3it8VrC4SJsJqmqbbAH,107431.54905,2025-02-17 16:48:06.000 UTC
DmQMto8nutJJB8R6FD21L1pym3dFpeHLRK4r85z2r3v8,107364.357323,2025-02-22 03:18:18.000 UTC
3VS12mYBX6TAFM5Bg6bMK95YibLGiEsJBbb3XAhQhZu5,107254.40130299999,2025-02-17 20:28:48.000 UTC
5tRRztAVKfJiBbAUdH3sPmJM2i46kniqf1yaSLVZNdSh,106846.62082300002,2025-01-28 08:29:46.000 UTC
EpACnFxH46RNaW57ZFbU3spDefuMYeidm3gZydQNcmrm,106298.702896,2025-02-03 03:51:24.000 UTC
wHV7Y6MWsfmfwPn5C7D7MZdiwQjqz4bCG55gKYhBDyZ,106240.454084,2025-02-03 02:00:25.000 UTC
AxArjBaYgxJbTXXqNwXcT6S1ZqpWstW7yb1qxi386wJ3,105822.33685000002,2025-02-18 03:25:29.000 UTC
DdnytFmv3pUv3QPvMuezANkwJXANmty6qGghGEKDWzro,104220.936873,2025-02-21 15:13:10.000 UTC
CuLeWHUkkkiqNL2JhnBc2vy6Z4LJcwkZDvy2bJbUBwmf,103945.768374,2025-02-14 11:41:40.000 UTC
9xx3A5jsc7J6hFEv4XNhpYEQ3Fga3XgXrcXPtuC4JGQ7,103670.766805,2025-02-18 06:27:16.000 UTC
3E1FLV8X1G27mZtXXKmwDDVUwKKKQj6ang7wVuqWGAoc,102156.362684,2025-02-02 18:20:36.000 UTC
C2rNgZmRQPodWEDnTVMBJsmL5AxHBRGZEDFSpM7eAvym,101667.31616000002,2025-02-04 11:11:40.000 UTC
HdSGsGfjWhNmSuLojasvkgqxhnimfnBCPQEPCsyXzvHA,101170.20670600001,2025-02-21 02:00:45.000 UTC
